,topic,is_dialog_valid,is_dialog_valid_details
0,booking a hotel room,True,"The first message 'Good evening, how can I help?' naturally starts the dialog by inviting the user to express their needs. The final message 'Thank you. This is your key, have a good stay!' logically concludes the conversation by providing the user with their key after completing the booking process. The dialog appears to be logically finished."
1,booking a hotel room,True,"The first message 'Good evening, how can I help?' naturally starts the dialog by inviting the user to express their needs. The final message 'Thank you. This is your key, have a good stay!' logically connects to the previous dialog as it concludes the booking process and provides the user with their key, indicating that the conversation has reached a satisfactory end. Overall, the dialog appears logically finished."
2,booking a hotel room,True,"The first message 'Good evening, how can I help?' naturally starts the dialog by inviting the user to express their needs. The final message 'Okay, goodbye!' logically connects to the previous dialog as the user has indicated they do not need further assistance. The dialog appears to be logically finished, as the user has declined further help and the assistant acknowledges this with a farewell."
3,abstract purchase,True,"The first message naturally starts the dialog by inviting the user to make an order, which is appropriate for a service interaction. The final message logically connects to the previous dialog by summarizing the order process and informing the user about the next steps, indicating that the conversation has reached a conclusion."
4,abstract purchase,True,"The first message naturally starts the dialog by inviting the user to make an order, which is appropriate for a service interaction. The final message logically connects to the previous dialog by indicating that the order has been processed and the user will be notified when it is ready, thus concluding the conversation in a coherent manner."
5,abstract purchase,False,"The first message logically starts the dialog by inviting the user to make an order. However, the final message 'Yes' does not provide a clear conclusion to the conversation, as it suggests that the user wants to order something else without specifying what that is, leaving the dialog unfinished."
6,chatting with a smart assistant,False,"The first message 'Chatting' does not provide a clear context or purpose for the conversation, making it an awkward start. The final message 'Proceeding to weather skill' is a logical response to the user's question about the weather, but the overall dialog lacks a coherent flow and feels unfinished."
7,chatting with a smart assistant,True,"The first message 'Chatting' serves as a natural opener for the dialog, indicating that the assistant is ready to engage. The final message 'Proceeding to weather skill' logically follows the user's question about the weather, indicating that the assistant is taking action based on the user's request. The dialog appears to be logically finished as it transitions from a greeting to addressing the user's inquiry."
8,chatting with a smart assistant,True,"The first message 'Chatting' naturally starts the dialog, indicating that the assistant is ready to engage. The final message 'Proceeding to music skill' logically connects to the user's request to 'Turn on the music,' indicating that the assistant is taking action based on the user's input. The dialog appears to be logically finished as it transitions from a greeting to a specific action."
9,chatting with a smart assistant,True,"The first message 'Chatting' serves as a natural opener for the dialog, indicating the assistant is ready to engage. The final message 'Proceeding to timer skill' logically follows the user's request to set up a timer, indicating that the assistant is taking action based on the user's input. The dialog appears to be logically finished as it transitions from the user's request to the assistant's response."
10,taking a loan in a bank,True,"The first message 'Is there anything I can help you with?' naturally starts the dialog by inviting the user to express their needs. The final message 'To become a client you need to create a deposit in our bank' logically connects to the previous dialog, as the user expressed interest in taking a loan and the assistant provided relevant information about becoming a client. The dialog appears logically finished, as it concludes with a clear next step for the user."
11,taking a loan in a bank,False,"The first message is a logical start to the dialog as it offers assistance. However, the final message is inconsistent because it implies that the user has already filled out the loan application form, despite the assistant stating earlier that they would send the form and the user had not filled it out yet. This creates a logical disconnect in the conversation."
12,taking a loan in a bank,True,"The first message naturally starts the dialog by offering assistance, which is appropriate for an assistant. The final message logically connects to the previous dialog by indicating the next step in the loan application process, and the conversation appears to be logically finished as the user has confirmed readiness to proceed."
13,taking a loan in a bank,False,"The first message is a natural opener for a customer service dialog, asking if assistance is needed. However, the final message introduces a new topic about becoming a client, which does not logically connect to the previous discussion about the loan application. This creates a disjointed ending, making the dialog feel unfinished."
14,coffee shop,False,"The first message logically starts the dialog by welcoming the user and asking for their order. However, the final message does not logically conclude the conversation, as it leaves the user without a clear next step or resolution after being informed that green tea is unavailable. The dialog feels unfinished, as there is no follow-up or alternative offered to the user."
15,coffee shop,True,"The first message welcomes the user to the coffee shop and invites them to order, which is a natural start to the dialog. The final message asks whether the user wants their order for here or takeaway, which logically follows the previous questions about their coffee and additional items. The dialog appears to be logically finished as it leads to a decision point for the user."
16,coffee shop,True,"The first message welcomes the user to the coffee shop and asks what they would like, which is a natural and appropriate way to start the conversation. The final message asks whether the user wants their order for here or takeaway, which logically follows the previous questions about the coffee order. The dialog appears to be logically finished as it leads to the next step in the ordering process."
17,coffee shop,True,"The first message welcomes the user to the coffee shop and asks what they would like, which is a natural and appropriate way to start the conversation. The final message asks whether the user wants their order for here or takeaway, which logically follows the previous discussion about their drink order. The dialog appears to be progressing towards a conclusion, making it logically finished."
18,coffee shop,True,"The first message welcomes the user to the coffee shop and asks what they would like, which is a natural and appropriate way to start the conversation. The final message asks whether the user wants their order for here or takeaway, which logically follows the previous discussion about the type of tea. The dialog appears to be in progress, but it is a logical continuation of the conversation."
