,topic,are_triplets_valid,are_triplets_valid_details,is_theme_valid,is_theme_valid_details,all_utterances_present
0,Tech Support,True,All transitions are valid.,True,"The dialog stays on the expected topic of tech support. The conversation revolves around troubleshooting issues related to website performance and account balance updates, which are typical concerns addressed by tech support. The assistant provides solutions and guidance to resolve these technical issues, maintaining focus on the topic throughout the dialog.",True
1,food delivery,False,"Invalid transition: The sequence is invalid because the user's response 'Let me check again, my order number is...' logically suggests that the user is about to provide the order number again. However, the assistant's next message 'Could you provide your order number?' is redundant and does not naturally follow the user's response. The assistant should instead wait for the user to provide the order number or prompt them to do so if they haven't already. Invalid transition: The sequence is invalid because the user's response 'Order found' does not logically follow the assistant's message indicating that the order number could not be found. The assistant's next message assumes the order was found, which contradicts the previous statement.",True,"The dialog stays on the expected topic of food delivery throughout the conversation. The user and assistant discuss order numbers, order status, and delivery addresses, which are all relevant to the topic of food delivery.",False
2,Medical Appointment Booking,True,All transitions are valid.,True,"The dialog stays on the expected topic of Medical Appointment Booking. The conversation revolves around scheduling appointments with different specialists, confirming times, and providing necessary information for booking. Although there are changes in the user's preferences, the focus remains on booking medical appointments.",True
3,library,True,All transitions are valid.,True,"The dialog stays on the expected topic of the library throughout the conversation. The user and assistant discuss library-related activities such as providing a library card number, searching for books, checking availability, placing holds, and checking out books. All interactions are relevant to library services.",True
4,auto care,True,All transitions are valid.,True,"The dialog stays on the expected topic of auto care throughout the conversation. The discussion revolves around scheduling car services, discussing available time slots, recommending additional services, and confirming appointments, all of which are relevant to auto care.",True
5,booking a hotel room,True,All transitions are valid.,True,"The dialog stays on the expected topic of booking a hotel room. The conversation includes inquiries about the duration of stay, availability of rooms, and the exchange of necessary information like ID card and room key. The user and assistant discuss room preferences and alternatives, which are all relevant to the process of booking a hotel room.",True
6,abstract purchase,True,All transitions are valid.,True,"The dialog stays on the expected topic of abstract purchase. The conversation revolves around making an order, adding items to the order, and confirming the order, which aligns with the concept of purchasing. The responses from the user are consistent with the process of ordering and confirming items, indicating that the dialog remains focused on the topic of abstract purchase.",True
7,chatting with a smart assistant,True,All transitions are valid.,True,"The dialog stays on the expected topic of chatting with a smart assistant. The user is interacting with the assistant by asking it to perform various tasks such as checking the weather, playing music, and setting a timer, which are typical interactions one would have with a smart assistant.",True
8,taking a loan in a bank,False,"Invalid transition: The transition is not logical because the user's response 'No' to being a client of the bank should not directly lead to the assistant suggesting creating a deposit. The logical next step would be to guide the user on how to become a client first, rather than assuming they can create a deposit without being a client.",True,"The dialog stays on the expected topic of taking a loan in a bank. The conversation includes questions and statements related to the process of taking a loan, such as creating a deposit, filling out a form, and proceeding with the loan application. Although there are short responses like 'No' and 'Yes,' they are in response to questions about the loan process, maintaining the focus on the topic.",True
9,coffee shop,False,"Invalid transition: The user's response 'Takeaway' does not logically follow the assistant's question 'Tea bags or loose tea?'. The user's response seems to be answering a different question about the order's consumption location, which is addressed in the assistant's next message 'Here or takeaway?'. Therefore, the flow is not natural or coherent.",True,"The dialog stays on the expected topic of a coffee shop. All the utterances are related to ordering drinks, specifically coffee and tea, and related options such as milk, syrup, and whether the order is for here or takeaway. There are no deviations from the topic of a coffee shop.",False
