,topic,is_dialogue_valid,is_dialogue_valid_details
0,Tech Support,True,"The first message from the assistant naturally starts the dialogue by offering help, which is appropriate for a tech support scenario. The final message thanks the user for contacting support and wishes them a nice day, which logically concludes the conversation after the user's issue has been resolved. The dialogue appears to be logically finished."
1,Tech Support,True,"The first message naturally starts the dialogue by introducing tech support and offering assistance. The final message logically connects to the previous dialogue by thanking the user after their issue was resolved, indicating a successful conclusion to the conversation."
2,Tech Support,True,"The first message from the assistant naturally starts the dialogue by offering help, which is appropriate for a tech support scenario. The final message logically connects to the previous dialogue as it thanks the user after their issue has been resolved, indicating a conclusion to the conversation. Overall, the dialogue appears to be logically finished."
3,Tech Support,True,"The first message naturally starts the dialogue by introducing tech support and asking how they can help, which is appropriate for the context. The final message logically connects to the previous dialogue as it thanks the user after resolving their issues, indicating a conclusion to the conversation. Overall, the dialogue appears to be logically finished."
4,Tech Support,True,"The first message from the assistant naturally starts the dialogue by offering help, which is appropriate for a tech support scenario. The final message logically connects to the previous dialogue as the user confirms that their issue has been resolved, allowing the assistant to conclude the conversation politely. Overall, the dialogue appears to be logically finished."
5,Tech Support,True,"The first message from the assistant naturally starts the dialogue by offering help, which is appropriate for a tech support scenario. The final message logically connects to the previous dialogue as it acknowledges the user's confirmation that the issue has been resolved and provides a courteous closing. The dialogue appears to be logically finished, as the user has expressed satisfaction with the assistance received."
6,food delivery,True,"The first message welcomes the user and introduces the food delivery service, which is a natural and appropriate way to start the dialogue. The final message thanks the user for choosing the service and wishes them a great meal, which logically concludes the conversation after confirming the order details and delivery information. The dialogue appears to be logically finished."
7,food delivery,True,"The first message welcomes the user and sets the context for a food delivery service, which naturally starts the dialogue. The final message thanks the user for their choice and wishes them a great meal, logically concluding the conversation after confirming the order details and delivery information. The dialogue appears to be logically finished."
8,food delivery,True,"The first message naturally starts the dialogue by welcoming the user and offering assistance, which is appropriate for a food delivery service. The final message logically concludes the conversation by thanking the user and wishing them a good meal, indicating that the service has been successfully provided. The dialogue appears to be logically finished."
9,food delivery,True,"The first message naturally starts the dialogue by welcoming the user and offering assistance, which is appropriate for a food delivery service. The final message logically connects to the previous dialogue by thanking the user after confirming the correct delivery address, indicating the conversation has reached a conclusion. Overall, the dialogue appears to be logically finished."
10,food delivery,True,"The first message naturally starts the dialogue by welcoming the user to the food delivery service and offering assistance. The final message logically connects to the previous dialogue by thanking the user for their order and wishing them a good meal, indicating that the conversation has reached a satisfactory conclusion."
11,Medical Appointment Booking,True,"The first message welcomes the user and offers assistance, which is a natural way to start a dialogue in a medical appointment system. The final message confirms the appointment and wishes the user a nice day, logically concluding the conversation after the scheduling process is complete."
12,Medical Appointment Booking,True,"The first message welcomes the user and sets the context for assistance, which is a natural start to the dialogue. The final message confirms the appointment and wishes the user a nice day, logically concluding the conversation after all necessary information has been exchanged. The dialogue appears to be logically finished."
13,Medical Appointment Booking,True,"The first message welcomes the user and sets the context for assistance, which is a natural start to the dialogue. The final message confirms the appointment and wishes the user a nice day, logically concluding the conversation after all necessary information has been exchanged."
14,Medical Appointment Booking,True,"The first message welcomes the user to the Medical Appointment System and invites them to ask for assistance, which is a natural and appropriate way to start the dialogue. The final message confirms the successful scheduling of the appointment and wishes the user a nice day, logically concluding the conversation after all necessary information has been exchanged. The dialogue appears to be logically finished."
15,library,True,"The first message welcomes the user and offers assistance, which is a natural and appropriate way to start a conversation in a library setting. The final message thanks the user for their visit and wishes them a great day, which logically concludes the interaction after the user has indicated they do not need further assistance. The dialogue appears to be logically finished."
16,library,True,"The first message welcomes the user and offers assistance, which is a natural and appropriate way to start a conversation in a library setting. The final message thanks the user for their interaction and wishes them a great day, which logically concludes the dialogue after the user indicates they have no further requests. The dialogue appears to be logically finished."
17,library,True,"The first message welcomes the user and offers assistance, which is a natural way to start a conversation in a library setting. The final message thanks the user and wishes them a great day after completing their request, which logically concludes the interaction. The dialogue appears to be finished as the user has indicated they do not need further assistance."
18,library,True,"The first message welcomes the user and offers assistance, which is a natural and appropriate way to start a conversation in a library setting. The final message thanks the user for their visit and wishes them a great day, which logically concludes the interaction after the user has indicated they do not need further assistance. The dialogue appears to be logically finished."
19,library,True,"The first message welcomes the user to the library and offers assistance, which is a natural and appropriate way to start the dialogue. The final message thanks the user for using the library services and wishes them a great day, which logically concludes the conversation after the user indicates they are done for the day. The dialogue appears to be logically finished."
20,auto care,True,"The first message naturally starts the dialogue by welcoming the user and offering assistance, which is appropriate for a service center. The final message confirms the appointment and wishes the user a great day, logically concluding the conversation after all necessary arrangements have been made. The dialogue appears to be logically finished."
21,auto care,True,"The first message welcomes the user and offers assistance, which is a natural and appropriate way to start the dialogue. The final message confirms the appointment and wishes the user a great day, logically concluding the conversation after all necessary arrangements have been made. The dialogue appears to be logically finished."
22,auto care,True,"The first message welcomes the user and offers assistance, which is a natural way to start a conversation at a service center. The final message confirms the appointment and wishes the user a great day, logically concluding the dialogue after the user has agreed to the appointment. The dialogue appears to be logically finished."
23,auto care,True,"The first message welcomes the user and offers assistance, which is a natural and appropriate way to start the dialogue. The final message confirms the appointment and wishes the user a great day, logically concluding the conversation after all necessary arrangements have been made. The dialogue appears to be logically finished."
24,auto care,True,"The first message welcomes the user and offers assistance, which is a natural and appropriate way to start the dialogue. The final message confirms the appointment and wishes the user a great day, logically concluding the conversation after all necessary arrangements have been made. The dialogue appears to be logically finished."
25,auto care,True,"The first message welcomes the user and offers assistance, which naturally starts the dialogue. The final message confirms the appointment and wishes the user a great day, logically concluding the conversation after all necessary arrangements have been made. The dialogue appears to be logically finished."
26,auto care,True,"The first message welcomes the user and offers assistance, which is a natural and appropriate way to start the dialogue. The final message confirms the appointment and wishes the user a great day, logically concluding the conversation after all necessary arrangements have been made. The dialogue appears to be logically finished."
27,auto care,True,"The first message welcomes the user and offers assistance, which is a natural and appropriate way to start the dialogue. The final message confirms the appointment and wishes the user a great day, logically concluding the conversation after all necessary arrangements have been made. The dialogue appears to be logically finished."
28,booking a hotel room,True,"The first message 'Good evening, how can I help?' naturally starts the dialogue by inviting the user to express their needs. The final message 'Thank you. This is your key, have a good stay!' logically concludes the conversation by providing the user with their key after completing the booking process. The dialogue appears to be logically finished."
29,booking a hotel room,True,"The first message 'Good evening, how can I help?' naturally starts the dialogue by inviting the user to express their needs. The final message 'Thank you. This is your key, have a good stay!' logically connects to the previous dialogue as it concludes the booking process and provides the user with their key, indicating that the conversation has reached a satisfactory end. Overall, the dialogue appears logically finished."
30,booking a hotel room,True,"The first message 'Good evening, how can I help?' naturally starts the dialogue by inviting the user to express their needs. The final message 'Okay, goodbye!' logically connects to the previous dialogue as the user has indicated they do not need further assistance. The dialogue appears to be logically finished."
31,abstract purchase,True,"The first message naturally starts the dialogue by inviting the user to make an order, which is appropriate for a service interaction. The final message logically connects to the previous dialogue by summarizing the order process and informing the user about the next steps, indicating that the conversation has reached a logical conclusion."
32,abstract purchase,True,The first message naturally starts the dialogue by greeting the user and inviting them to make an order. The final message logically connects to the previous dialogue by confirming the order process and informing the user about the next steps regarding their order. The dialogue appears to be logically finished as it concludes with the assistant providing information about the check and the readiness of the order.
33,chatting with a smart assistant,False,"The first message 'Chatting' does not provide a clear context or purpose for the conversation, making it an awkward start. The final message 'Proceeding to weather skill' is a logical response to the user's question about the weather, but the overall dialogue lacks a coherent flow and feels unfinished."
34,chatting with a smart assistant,False,"The first message 'Chatting' does not provide a clear context or purpose for the conversation, making it an awkward start. The final message 'Proceeding to weather skill' is a logical response to the user's question about the weather, but the overall dialogue feels incomplete as it does not conclude the interaction."
35,chatting with a smart assistant,True,"The first message 'Chatting' naturally starts the dialogue as it indicates the assistant is ready to engage. The final message 'Proceeding to music skill' logically connects to the user's request to turn on the music, indicating the assistant is taking action based on the user's input. The dialogue appears to be logically finished as it indicates a transition to the next step."
36,chatting with a smart assistant,True,"The first message 'Chatting' serves as a natural opener for the dialogue, indicating the assistant is ready to engage. The final message 'Proceeding to timer skill' logically follows the user's request to set up a timer, indicating the assistant's action in response to the user's input. The dialogue appears to be logically finished as it transitions into the next step of the user's request."
37,taking a loan in a bank,True,"The first message 'Is there anything I can help you with?' naturally starts the dialogue by inviting the user to express their needs. The final message 'Firstly you need to create a deposit in our bank' logically follows the user's request for a loan, as it provides a necessary step for non-clients. The dialogue appears to be logically finished, as it concludes with a clear action for the user."
38,taking a loan in a bank,True,"The first message naturally starts the dialogue by offering assistance, which is appropriate for an assistant. The final message logically connects to the previous dialogue by providing a clear next step for the user to take in the loan process, indicating that the conversation has reached a logical conclusion."
39,taking a loan in a bank,True,"The first message naturally starts the dialogue by offering assistance, which is appropriate for an assistant. The final message logically connects to the previous dialogue by indicating the next step in the loan process after the user expressed readiness. The dialogue appears to be logically finished as it concludes with a clear action plan."
40,taking a loan in a bank,True,"The first message naturally starts the dialogue by offering assistance, which is appropriate for an assistant. The final message logically connects to the previous dialogue, as the user indicates they have other questions instead of proceeding with the loan, suggesting the conversation is still ongoing and not yet finished."
41,coffee shop,False,"The first message logically starts the dialogue by welcoming the user and asking for their order. However, the final message does not logically conclude the conversation, as it only states that green tea is unavailable without offering an alternative or closing the dialogue. This leaves the conversation feeling unfinished."
42,coffee shop,True,"The first message welcomes the user to the coffee shop and asks what they would like, which is a natural and appropriate way to start the conversation. The final message asks whether the user wants their order for here or takeaway, which logically follows the previous questions about their coffee order and water. The dialogue appears to be logically finished as it leads to a decision point for the user."
43,coffee shop,True,"The first message welcomes the user to the coffee shop and asks what they would like, which is a natural and appropriate way to start the conversation. The final message asks whether the order is for here or takeaway, which logically follows the previous questions about the coffee order. The dialogue appears to be progressing towards completion, as it is addressing all necessary aspects of the order."
44,coffee shop,True,"The first message welcomes the user to the coffee shop and asks what they would like, which is a natural and appropriate way to start the conversation. The final message asks whether the user wants their order for here or takeaway, which logically follows the previous discussion about their drink order. The dialogue appears to be in a logical progression and is not abruptly finished."
45,coffee shop,False,"The first message logically starts the dialogue by welcoming the user and asking for their order. However, the final message 'Here or takeaway?' is inconsistent with the user's previous response of 'Takeaway.' The dialogue does not appear to be logically finished, as the assistant's final question does not align with the user's stated preference."
